0,1,2,3,4,5,6,7,8,9
17.876604,0.0,0.0,114.957436,0.0,0.0,0.0,0.0,0.0,0.0
13.395833,0.0,0.0,109.0959,0.0,0.0,0.0,0.0,0.0,0.0
21.003454,0.0,0.0,79.011795,0.0,0.0,0.0,0.0,0.0,16.570202
0.0,0.0,0.0,121.266556,0.0,0.0,0.0,0.0,0.0,0.0
0.0,0.0,0.0,109.08705,0.0,0.0,0.0,0.0,0.0,0.0
0.0,0.0,0.0,121.12136,0.0,0.0,0.0,0.0,0.0,0.0
0.0,0.0,0.0,128.02812,0.0,0.0,0.0,0.0,0.0,0.0
0.0,0.0,0.0,126.86711,0.0,0.0,0.0,0.0,0.0,0.0
31.714333,0.0,19.267416,5.4867573,17.728579,0.0,29.799059,0.0,0.0,0.0
19.461563,0.0,0.0,114.9046,0.0,0.0,0.0,0.0,0.0,0.0
18.34741,0.0,0.0,100.78289,0.0,0.0,0.0,0.0,0.0,0.0
0.0,0.0,0.0,99.38427,0.0,0.0,0.0,0.0,0.0,0.0
42.052917,0.0,0.0,152.2582,0.0,0.0,0.0,0.0,0.0,0.0
30.761547,0.0,0.0,113.89518,0.0,0.0,0.0,0.0,0.0,0.0
41.953987,0.0,0.0,151.42993,0.0,0.0,0.0,0.0,0.0,0.0
44.886314,0.0,0.0,162.79544,0.0,0.0,0.0,0.0,0.0,0.0
44.015305,0.0,0.0,163.83586,0.0,0.0,0.0,0.0,0.0,0.0
3.2777517,0.0,2.005879,0.75550723,1.5634904,0.0,2.6413598,0.0,0.0,0.0
10.083864,0.0,0.0,105.168495,0.0,0.0,0.0,0.0,0.0,0.0
0.0,0.0,0.0,112.077065,0.0,0.0,0.0,0.0,0.0,0.0
28.446777,0.0,3.2962213,104.07664,0.0,0.0,0.0,0.0,0.0,0.0
0.0,0.0,0.0,89.66205,0.0,0.0,0.0,0.0,0.0,0.0
0.0,0.0,0.0,107.097565,0.0,0.0,0.0,0.0,0.0,0.0
30.91262,0.0,1.439185,109.18833,0.0,0.0,0.0,0.0,0.0,0.0
18.097418,0.0,0.0,102.85139,0.0,0.0,0.0,0.0,0.0,0.0
23.46191,0.0,1.7448105,93.86426,0.0,0.0,0.0,0.0,0.0,0.0
42.318417,0.0,0.0,167.52245,0.0,0.0,0.0,0.0,0.0,2.3072069
24.358149,0.0,0.0,114.889854,0.0,0.0,0.0,0.0,0.0,0.98385847
42.296978,0.0,0.0,167.3545,0.0,0.0,0.0,0.0,0.0,2.262627
44.144154,0.0,0.0,175.39343,0.0,0.0,0.0,0.0,0.0,3.5167685
42.595577,0.0,0.0,173.96286,0.0,0.0,0.0,0.0,0.0,0.9713465
2.3814712,0.0,1.4668305,0.52823764,1.0842962,0.0,1.9434206,0.0,0.0,0.0
5.15091,0.0,0.0,101.180916,0.0,0.0,0.0,0.0,0.0,0.0
24.390362,0.0,2.56682,94.35144,0.0,0.0,0.0,0.0,0.0,0.0
0.0,0.0,0.0,109.1275,0.0,0.0,0.0,0.0,0.0,0.0
14.673511,0.0,0.0,136.34297,0.0,0.0,0.0,0.0,0.0,0.0
7.1876044,0.0,0.0,85.97101,0.0,0.0,0.0,0.0,0.0,0.0
23.895561,0.0,0.0,162.06442,0.0,0.0,0.0,0.0,0.0,2.9882665
14.467232,0.0,0.0,95.55515,0.0,0.0,0.0,0.0,0.0,0.0
6.9767,0.0,0.0,107.88699,0.0,0.0,0.0,0.0,0.0,0.0
0.0,0.0,0.0,102.4838,0.0,0.0,0.0,0.0,0.0,0.0
23.39646,0.0,0.0,140.35754,0.0,0.0,0.0,0.0,0.0,0.0
15.05338,0.0,0.0,113.332146,0.0,0.0,0.0,0.0,0.0,0.0
23.153412,0.0,0.0,139.57101,0.0,0.0,0.0,0.0,0.0,0.0
27.19298,0.0,0.0,152.53056,0.0,0.0,0.0,0.0,0.0,0.0
23.738432,0.0,0.0,144.85191,0.0,0.0,0.0,0.0,0.0,0.0
5.756481,0.0,3.5508556,1.0316111,2.9690185,0.0,5.2100163,0.0,0.0,0.0
45.057655,0.0,0.0,146.83844,0.0,0.0,0.0,0.0,0.0,0.0
35.76105,0.0,0.0,115.09778,0.0,0.0,0.0,0.0,0.0,0.0
45.271843,0.0,0.0,147.51544,0.0,0.0,0.0,0.0,0.0,0.0
44.72691,0.0,0.0,151.6984,0.0,0.0,0.0,0.0,0.0,0.0
44.959545,0.0,0.0,155.30016,0.0,0.0,0.0,0.0,0.0,0.0
3.4256861,0.0,2.0986433,0.7753006,1.6471685,0.0,2.7868,0.0,0.0,0.0
7.5901465,0.0,0.0,84.939766,0.0,0.0,0.0,0.0,0.0,0.0
16.883053,0.0,0.0,126.2192,0.0,0.0,0.0,0.0,0.0,0.0
18.610268,0.0,0.0,98.61482,0.0,0.0,0.0,0.0,0.0,0.0
5.4854336,0.0,0.0,128.69772,0.0,0.0,0.0,0.0,0.0,0.0
1.5020905,0.0,0.0,111.1774,0.0,0.0,0.0,0.0,0.0,0.0
5.35158,0.0,0.0,127.87931,0.0,0.0,0.0,0.0,0.0,0.0
8.938608,0.0,0.0,136.59032,0.0,0.0,0.0,0.0,0.0,0.0
9.201521,0.0,0.0,136.99815,0.0,0.0,0.0,0.0,0.0,0.0
20.258593,0.0,12.32656,3.535541,11.256711,0.0,18.912788,0.0,0.0,0.0
0.0,0.0,0.0,105.70142,0.0,0.0,0.0,0.0,0.0,0.0
20.439224,0.0,0.0,131.84706,0.0,0.0,0.0,0.0,0.0,0.0
12.518276,0.0,0.0,107.590645,0.0,0.0,0.0,0.0,0.0,0.0
20.486685,0.0,0.0,131.8964,0.0,0.0,0.0,0.0,0.0,0.0
22.655376,0.0,0.0,140.1453,0.0,0.0,0.0,0.0,0.0,0.0
21.512527,0.0,0.0,138.76323,0.0,0.0,0.0,0.0,0.0,0.0
5.2934065,0.0,3.2694001,0.96154666,2.7086382,0.0,4.7517934,0.0,0.0,0.0
10.463273,0.0,0.0,107.49888,0.0,0.0,0.0,0.0,0.0,0.0
0.0,0.0,0.0,108.92109,0.0,0.0,0.0,0.0,0.0,0.0
41.51308,0.0,0.0,135.83974,0.0,0.0,0.0,0.0,0.0,11.885037
4.6628304,0.0,0.0,104.554146,0.0,0.0,0.0,0.0,0.0,0.0
24.14577,0.0,0.0,108.18248,0.0,0.0,0.0,0.0,0.0,0.0
33.530617,0.0,7.916307,89.31141,0.0,0.0,0.0,0.0,0.0,1.2088554
4.1413245,0.0,0.0,130.36102,0.0,0.0,0.0,0.0,0.0,0.0
0.0,0.0,0.0,112.90625,0.0,0.0,0.0,0.0,0.0,0.0
3.939479,0.0,0.0,129.64937,0.0,0.0,0.0,0.0,0.0,0.0
8.849985,0.0,0.0,137.86942,0.0,0.0,0.0,0.0,0.0,0.0
4.854145,0.0,0.0,130.632,0.0,0.0,0.0,0.0,0.0,0.0
19.078869,0.0,11.727839,2.9569275,10.568295,0.0,18.38297,0.0,0.0,0.0
7.304789,0.0,0.0,116.80576,0.0,0.0,0.0,0.0,0.0,0.0
19.746542,0.0,0.0,102.77695,0.0,0.0,0.0,0.0,0.0,0.0
21.51212,0.0,0.0,107.80773,0.0,0.0,0.0,0.0,0.0,2.8765812
0.0,0.0,0.0,135.13165,0.0,0.0,0.0,0.0,0.0,0.0
0.0,0.0,0.0,109.44229,0.0,0.0,0.0,0.0,0.0,0.0
0.0,0.0,0.0,134.43587,0.0,0.0,0.0,0.0,0.0,0.0
0.0,0.0,0.0,137.1376,0.0,0.0,0.0,0.0,0.0,0.0
0.0,0.0,0.0,135.57039,0.0,0.0,0.0,0.0,0.0,0.0
8.340959,0.0,5.149242,1.3483093,4.4471927,0.0,7.8644204,0.0,0.0,0.0
28.226625,0.0,9.697411,89.79686,0.0,0.0,0.0,0.0,0.0,0.0
0.0,0.0,0.0,115.94897,0.0,0.0,0.0,0.0,0.0,0.0
0.0,0.0,0.0,146.1897,0.0,0.0,0.0,0.0,0.0,0.0
0.0,0.0,0.0,105.78407,0.0,0.0,0.0,0.0,0.0,0.0
0.0,0.0,0.0,146.08366,0.0,0.0,0.0,0.0,0.0,0.0
0.0,0.0,0.0,150.83374,0.0,0.0,0.0,0.0,0.0,0.0
0.0,0.0,0.0,154.80135,0.0,0.0,0.0,0.0,0.0,0.0
2.916683,0.0,1.8167529,0.56474566,1.3724808,0.0,2.509932,0.0,0.0,0.0
20.758865,0.0,0.0,110.040054,0.0,0.0,0.0,0.0,0.0,4.41865
6.7019076,0.0,0.0,88.371,0.0,0.0,0.0,0.0,0.0,0.0
28.290638,0.0,0.0,123.216995,0.0,0.0,0.0,0.0,0.0,0.0
0.0,0.0,0.0,87.42232,0.0,0.0,0.0,0.0,0.0,0.0
2.07242,0.0,0.0,121.28925,0.0,0.0,0.0,0.0,0.0,0.0
0.0,0.0,0.0,102.736755,0.0,0.0,0.0,0.0,0.0,0.0
2.125394,0.0,0.0,121.022064,0.0,0.0,0.0,0.0,0.0,0.0
7.458042,0.0,0.0,129.74908,0.0,0.0,0.0,0.0,0.0,0.0
5.033762,0.0,0.0,127.23711,0.0,0.0,0.0,0.0,0.0,0.0
13.730286,0.0,8.457067,2.165225,7.5129657,0.0,13.108705,0.0,0.0,0.0
15.251731,0.0,0.0,111.70529,0.0,0.0,0.0,0.0,0.0,0.0
11.139115,0.0,0.0,108.13255,0.0,0.0,0.0,0.0,0.0,0.0
13.999038,0.0,0.0,110.25669,0.0,0.0,0.0,0.0,0.0,0.0
0.0,0.0,0.0,100.203064,0.0,0.0,0.0,0.0,0.0,0.0
0.0,0.0,0.0,116.335556,0.0,0.0,0.0,0.0,0.0,0.0
0.0,0.0,0.0,89.67022,0.0,0.0,0.0,0.0,0.0,0.0
34.198235,0.0,2.157058,121.50296,0.0,0.0,0.0,0.0,0.0,0.0
6.62804,0.0,0.0,132.02734,0.0,0.0,0.0,0.0,0.0,0.0
2.1533089,0.0,0.0,113.27644,0.0,0.0,0.0,0.0,0.0,0.0
6.5784283,0.0,0.0,131.96603,0.0,0.0,0.0,0.0,0.0,0.0
8.928073,0.0,0.0,137.43883,0.0,0.0,0.0,0.0,0.0,0.0
8.795545,0.0,0.0,138.95119,0.0,0.0,0.0,0.0,0.0,0.0
14.957044,0.0,9.201989,2.3436222,8.224553,0.0,14.332885,0.0,0.0,0.0
2.2448525,0.0,0.0,107.77444,0.0,0.0,0.0,0.0,0.0,0.0
0.35800096,0.0,0.0,88.55015,0.0,0.0,0.0,0.0,0.0,0.0
2.170655,0.0,0.0,107.531136,0.0,0.0,0.0,0.0,0.0,0.0
5.421498,0.0,0.0,115.03091,0.0,0.0,0.0,0.0,0.0,0.0
6.069285,0.0,0.0,116.18743,0.0,0.0,0.0,0.0,0.0,0.0
3.7718387,0.0,2.3408806,0.7214075,1.7834013,0.0,3.2507718,0.0,0.0,0.0
24.157312,0.0,0.0,123.93778,0.0,0.0,0.0,0.0,0.0,5.4766893
1.4765693,0.0,0.0,108.16075,0.0,0.0,0.0,0.0,0.0,0.0
10.270225,0.0,0.0,89.39241,0.0,0.0,0.0,0.0,0.0,5.0310683
4.941161,0.0,0.0,111.73131,0.0,0.0,0.0,0.0,0.0,0.0
13.169817,0.0,0.0,99.43997,0.0,0.0,0.0,0.0,0.0,0.0
33.408497,0.0,0.0,132.62387,0.0,0.0,0.0,0.0,0.0,0.0
0.0,0.0,0.0,126.578835,0.0,0.0,0.0,0.0,0.0,0.0
15.802478,0.0,0.0,91.05594,0.0,0.0,0.0,0.0,0.0,0.0
0.8965868,0.0,0.0,130.49568,0.0,0.0,0.0,0.0,0.0,0.0
0.0,0.0,0.0,108.01777,0.0,0.0,0.0,0.0,0.0,0.0
0.7756573,0.0,0.0,129.9221,0.0,0.0,0.0,0.0,0.0,0.0
3.5037925,0.0,0.0,135.01079,0.0,0.0,0.0,0.0,0.0,0.0
2.9510295,0.0,0.0,135.6665,0.0,0.0,0.0,0.0,0.0,0.0
9.651103,0.0,5.496612,2.833418,5.2546124,0.0,7.281207,0.0,0.0,0.0
0.0,0.0,0.0,85.80515,0.0,0.0,0.0,0.0,0.0,3.3523083
23.64775,0.0,0.0,97.65126,0.0,0.0,0.0,0.0,0.0,13.881396
8.069482,0.0,0.0,100.9584,0.0,0.0,0.0,0.0,0.0,0.0
24.759455,0.0,0.0,156.04356,0.0,0.0,0.0,0.0,0.0,0.0
5.196708,0.0,0.0,107.39275,0.0,0.0,0.0,0.0,0.0,0.15528005
24.723276,0.0,0.0,155.96008,0.0,0.0,0.0,0.0,0.0,0.0
27.312181,0.0,0.0,162.97632,0.0,0.0,0.0,0.0,0.0,0.0
26.635626,0.0,0.0,162.03853,0.0,0.0,0.0,0.0,0.0,0.0
2.2765474,0.0,1.4029815,0.49922833,1.0311298,0.0,1.870338,0.0,0.0,0.0
5.4361053,0.0,0.0,104.81196,0.0,0.0,0.0,0.0,0.0,0.0
0.0,0.0,0.0,93.529976,0.0,0.0,0.0,0.0,0.0,0.0
10.043125,0.0,0.0,103.20981,0.0,0.0,0.0,0.0,0.0,0.0
1.9537444,0.0,0.0,93.802475,0.0,0.0,0.0,0.0,0.0,1.3983049
22.256777,0.0,0.0,123.30323,0.0,0.0,0.0,0.0,0.0,0.0
9.350629,0.0,0.0,81.709694,0.0,0.0,0.0,0.0,0.0,5.226937
12.335831,0.0,0.0,100.16641,0.0,0.0,0.0,0.0,0.0,0.0
12.582177,0.0,0.0,93.900215,0.0,0.0,0.0,0.0,0.0,7.1012034
17.438446,0.0,0.0,101.80035,0.0,0.0,0.0,0.0,0.0,0.0
20.045448,0.0,0.0,107.8517,0.0,0.0,0.0,0.0,0.0,0.0
31.986658,0.0,0.0,160.30054,0.0,0.0,0.0,0.0,0.0,5.6539717
4.846815,0.0,0.0,125.383575,0.0,0.0,0.0,0.0,0.0,0.0
1.2377061,0.0,0.0,111.179146,0.0,0.0,0.0,0.0,0.0,0.0
4.6397753,0.0,0.0,124.95917,0.0,0.0,0.0,0.0,0.0,0.0
6.7591867,0.0,0.0,135.46571,0.0,0.0,0.0,0.0,0.0,0.0
2.5689764,0.0,0.0,125.33187,0.0,0.0,0.0,0.0,0.0,0.0
14.257071,0.0,8.778732,2.1919773,7.8279037,0.0,13.745353,0.0,0.0,0.0
23.656122,0.0,0.0,114.04907,0.0,0.0,0.0,0.0,0.0,0.0
18.175596,0.0,0.0,92.44425,0.0,0.0,0.0,0.0,0.0,0.0
0.0,0.0,0.0,94.664566,0.0,0.0,0.0,0.0,0.0,0.0
2.6244276,0.0,0.0,131.96103,0.0,0.0,0.0,0.0,0.0,0.0
0.0,0.0,0.0,107.43246,0.0,0.0,0.0,0.0,0.0,0.0
2.6951342,0.0,0.0,132.16913,0.0,0.0,0.0,0.0,0.0,0.0
11.873981,0.0,0.0,139.95853,0.0,0.0,0.0,0.0,0.0,0.0
9.436549,0.0,0.0,139.52524,0.0,0.0,0.0,0.0,0.0,0.0
9.59408,0.0,5.883072,1.6707437,5.159308,0.0,8.870796,0.0,0.0,0.0
13.106789,0.0,0.0,102.22466,0.0,0.0,0.0,0.0,0.0,0.0
0.0,0.0,0.0,119.51686,0.0,0.0,0.0,0.0,0.0,0.0
0.0,0.0,0.0,104.143936,0.0,0.0,0.0,0.0,0.0,0.0
0.0,0.0,0.0,119.58783,0.0,0.0,0.0,0.0,0.0,0.0
1.6206812,0.0,0.0,129.73186,0.0,0.0,0.0,0.0,0.0,0.0
2.2997367,0.0,0.0,129.7089,0.0,0.0,0.0,0.0,0.0,0.0
8.470719,0.0,5.2044635,1.4610667,4.525737,0.0,7.8332057,0.0,0.0,0.0
4.6705503,0.0,0.0,83.83089,0.0,0.0,0.0,0.0,0.0,5.85409
35.732754,0.0,3.0966065,120.32103,0.0,0.0,0.0,0.0,0.0,0.0
32.3971,0.0,2.282954,113.258286,0.0,0.0,0.0,0.0,0.0,0.0
10.944715,0.0,0.0,164.71147,0.0,0.0,0.0,0.0,0.0,0.0
0.0,0.0,0.0,102.08188,0.0,0.0,0.0,0.0,0.0,0.0
0.0,0.0,0.0,103.24425,0.0,0.0,0.0,0.0,0.0,0.0
13.950544,0.0,0.0,98.74479,0.0,0.0,0.0,0.0,0.0,0.0
21.053875,0.0,0.0,100.624825,0.0,0.0,0.0,0.0,0.0,0.0
34.34512,0.0,0.0,165.41327,0.0,0.0,0.0,0.0,0.0,13.069245
0.0,0.0,0.0,120.22106,0.0,0.0,0.0,0.0,0.0,0.0
0.0,0.0,0.0,110.599464,0.0,0.0,0.0,0.0,0.0,0.0
0.0,0.0,0.0,119.94964,0.0,0.0,0.0,0.0,0.0,0.0
0.0,0.0,0.0,121.18884,0.0,0.0,0.0,0.0,0.0,0.0
0.0,0.0,0.0,125.944885,0.0,0.0,0.0,0.0,0.0,0.0
38.759315,0.0,23.900558,5.586275,21.796635,0.0,38.167183,0.0,0.0,0.0
2.508416,0.0,0.0,90.72262,0.0,0.0,0.0,0.0,0.0,0.0
9.232566,0.0,0.0,84.3393,0.0,0.0,0.0,0.0,0.0,4.0983624
0.0,0.0,0.0,105.72346,0.0,0.0,0.0,0.0,0.0,0.0
2.727683,0.0,0.0,92.190346,0.0,0.0,0.0,0.0,0.0,0.0
18.258858,0.0,0.0,114.509285,0.0,0.0,0.0,0.0,0.0,0.0
11.08835,0.0,0.0,122.63735,0.0,0.0,0.0,0.0,0.0,0.0
11.624972,0.0,0.0,89.12001,0.0,0.0,0.0,0.0,0.0,0.0
7.1509876,0.0,0.0,106.72548,0.0,0.0,0.0,0.0,0.0,0.0
8.421259,0.0,0.0,118.198654,0.0,0.0,0.0,0.0,0.0,0.0
10.837257,0.0,0.0,118.55476,0.0,0.0,0.0,0.0,0.0,0.0
21.534334,0.0,1.9936737,86.83484,0.0,0.0,0.0,0.0,0.0,0.0
27.382767,0.0,0.0,145.69272,0.0,0.0,0.0,0.0,0.0,0.0
13.349201,0.0,0.0,99.3276,0.0,0.0,0.0,0.0,0.0,0.0
27.338028,0.0,0.0,145.57843,0.0,0.0,0.0,0.0,0.0,0.0
30.598225,0.0,0.0,154.2861,0.0,0.0,0.0,0.0,0.0,0.0
30.263632,0.0,0.0,153.823,0.0,0.0,0.0,0.0,0.0,0.0
2.1369598,0.0,1.3077517,0.48958832,0.95524883,0.0,1.7206438,0.0,0.0,0.0
13.326902,0.0,0.0,85.70263,0.0,0.0,0.0,0.0,0.0,1.5283272
0.0,0.0,0.0,112.914,0.0,0.0,0.0,0.0,0.0,0.0
0.0,0.0,0.0,99.37704,0.0,0.0,0.0,0.0,0.0,0.0
2.6478686,0.0,0.0,146.78001,0.0,0.0,0.0,0.0,0.0,0.0
16.072733,0.0,0.0,156.87074,0.0,0.0,0.0,0.0,0.0,0.0
4.3536806,0.0,0.0,112.41549,0.0,0.0,0.0,0.0,0.0,0.0
16.19947,0.0,0.0,157.16254,0.0,0.0,0.0,0.0,0.0,0.0
19.460972,0.0,0.0,164.45694,0.0,0.0,0.0,0.0,0.0,0.0
19.220638,0.0,0.0,162.33105,0.0,0.0,0.0,0.0,0.0,0.0
3.1135325,0.0,1.9368678,0.60187423,1.4794931,0.0,2.6852868,0.0,0.0,0.0
15.0875,0.0,0.0,101.4605,0.0,0.0,0.0,0.0,0.0,1.5470165
3.5729163,0.0,0.0,133.11894,0.0,0.0,0.0,0.0,0.0,0.0
0.0,0.0,0.0,109.73719,0.0,0.0,0.0,0.0,0.0,0.0
3.428539,0.0,0.0,132.71274,0.0,0.0,0.0,0.0,0.0,0.0
7.797369,0.0,0.0,142.82417,0.0,0.0,0.0,0.0,0.0,0.0
7.122604,0.0,0.0,140.15688,0.0,0.0,0.0,0.0,0.0,0.0
9.869285,0.0,6.088022,1.5914066,5.316196,0.0,9.324431,0.0,0.0,0.0
3.8636057,0.0,0.0,87.24913,0.0,0.0,0.0,0.0,0.0,0.0
15.865983,0.0,0.0,90.04266,0.0,0.0,0.0,0.0,0.0,1.457843
12.292413,0.0,0.0,123.50746,0.0,0.0,0.0,0.0,0.0,0.9545244
20.022453,0.0,0.0,84.483116,0.0,0.0,0.0,0.0,0.0,14.914442
0.0,0.0,0.0,102.22503,0.0,0.0,0.0,0.0,0.0,0.0
0.0,0.0,0.0,95.76423,0.0,0.0,0.0,0.0,0.0,0.0
0.0,0.0,0.0,101.69989,0.0,0.0,0.0,0.0,0.0,0.0
0.0,0.0,0.0,108.03688,0.0,0.0,0.0,0.0,0.0,0.0
0.0,0.0,0.0,106.54075,0.0,0.0,0.0,0.0,0.0,0.0
19.70141,0.0,12.061119,3.2503383,10.919413,0.0,18.642157,0.0,0.0,0.0
21.062216,0.0,0.0,135.52849,0.0,0.0,0.0,0.0,0.0,0.0
15.8372345,0.0,0.0,114.80851,0.0,0.0,0.0,0.0,0.0,0.0
20.810177,0.0,0.0,134.72899,0.0,0.0,0.0,0.0,0.0,0.0
26.194225,0.0,0.0,150.96529,0.0,0.0,0.0,0.0,0.0,0.0
27.681332,0.0,0.0,157.22168,0.0,0.0,0.0,0.0,0.0,0.0
4.1848016,0.0,2.5903487,0.7896959,2.077637,0.0,3.6809833,0.0,0.0,0.0
6.013749,0.0,0.0,105.93319,0.0,0.0,0.0,0.0,0.0,0.0
11.193657,0.0,0.0,132.38873,0.0,0.0,0.0,0.0,0.0,0.0
3.797447,0.0,0.0,110.28047,0.0,0.0,0.0,0.0,0.0,0.0
11.157159,0.0,0.0,132.43741,0.0,0.0,0.0,0.0,0.0,0.0
14.955506,0.0,0.0,136.74094,0.0,0.0,0.0,0.0,0.0,0.0
15.890204,0.0,0.0,142.437,0.0,0.0,0.0,0.0,0.0,0.0
5.203073,0.0,3.2269137,0.9040812,2.6564243,0.0,4.7326946,0.0,0.0,0.0
32.197178,0.0,1.1441084,116.21084,0.0,0.0,0.0,0.0,0.0,0.0
7.8158717,0.0,0.0,133.82237,0.0,0.0,0.0,0.0,0.0,0.0
3.301838,0.0,0.0,113.827545,0.0,0.0,0.0,0.0,0.0,0.0
7.8366327,0.0,0.0,133.81361,0.0,0.0,0.0,0.0,0.0,0.0
8.590365,0.0,0.0,140.2934,0.0,0.0,0.0,0.0,0.0,0.0
7.7015886,0.0,0.0,136.71053,0.0,0.0,0.0,0.0,0.0,0.0
11.495006,0.0,7.0850396,1.8100605,6.2489605,0.0,10.970123,0.0,0.0,0.0
17.80031,0.0,0.0,115.82376,0.0,0.0,0.0,0.0,0.0,0.0
14.383506,0.0,0.0,81.71993,0.0,0.0,0.0,0.0,0.0,0.0
13.944064,0.0,0.0,86.89595,0.0,0.0,0.0,0.0,0.0,1.1130031
17.609547,0.0,0.0,114.164986,0.0,0.0,0.0,0.0,0.0,8.52924
23.22982,0.0,1.2218375,100.34604,0.0,0.0,0.0,0.0,0.0,0.0
31.563433,0.0,0.014219711,122.95089,0.0,0.0,0.0,0.0,0.0,0.0
9.689495,0.0,0.0,110.91947,0.0,0.0,0.0,0.0,0.0,1.1154306
19.584543,0.0,0.3273554,96.5237,0.0,0.0,0.0,0.0,0.0,0.0
1.221575,0.0,0.0,85.03125,0.0,0.0,0.0,0.0,0.0,0.0
0.0,0.0,0.0,117.772095,0.0,0.0,0.0,0.0,0.0,0.0
0.0,0.0,0.0,110.36956,0.0,0.0,0.0,0.0,0.0,0.0
0.0,0.0,0.0,117.755554,0.0,0.0,0.0,0.0,0.0,0.0
0.0,0.0,0.0,120.85819,0.0,0.0,0.0,0.0,0.0,0.0
0.0,0.0,0.0,123.050995,0.0,0.0,0.0,0.0,0.0,0.0
50.81354,0.0,31.104767,7.7914,28.702257,0.0,49.387375,0.0,0.0,0.0
12.2646475,0.0,0.0,99.94229,0.0,0.0,0.0,0.0,0.0,0.0
15.133467,0.0,0.0,99.185135,0.0,0.0,0.0,0.0,0.0,0.0
8.332134,0.0,0.0,128.13292,0.0,0.0,0.0,0.0,0.0,0.0
5.443208,0.0,0.0,115.92939,0.0,0.0,0.0,0.0,0.0,0.0
8.344586,0.0,0.0,127.941444,0.0,0.0,0.0,0.0,0.0,0.0
11.87333,0.0,0.0,137.51443,0.0,0.0,0.0,0.0,0.0,0.0
12.974169,0.0,0.0,140.94234,0.0,0.0,0.0,0.0,0.0,0.0
19.41578,0.0,11.918535,3.0858302,10.754658,0.0,18.565954,0.0,0.0,0.0
16.842545,0.0,0.0,91.252464,0.0,0.0,0.0,0.0,0.0,3.2480402
47.580257,0.0,0.0,155.78487,0.0,0.0,0.0,0.0,0.0,0.0
35.27878,0.0,0.0,114.049774,0.0,0.0,0.0,0.0,0.0,0.0
47.60074,0.0,0.0,155.92932,0.0,0.0,0.0,0.0,0.0,0.0
47.225388,0.0,0.0,159.55731,0.0,0.0,0.0,0.0,0.0,0.0
46.824997,0.0,0.0,161.01955,0.0,0.0,0.0,0.0,0.0,0.0
3.3025918,0.0,2.0243757,0.7562882,1.5765107,0.0,2.667652,0.0,0.0,0.0
22.00828,0.0,0.0,95.73027,0.0,0.0,0.0,0.0,0.0,7.9953704
8.92738,0.0,0.0,108.04882,0.0,0.0,0.0,0.0,0.0,0.0
0.0,0.0,0.0,113.93411,0.0,0.0,0.0,0.0,0.0,0.0
0.0,0.0,0.0,108.00386,0.0,0.0,0.0,0.0,0.0,0.0
0.0,0.0,0.0,113.82148,0.0,0.0,0.0,0.0,0.0,0.0
0.0,0.0,0.0,117.79117,0.0,0.0,0.0,0.0,0.0,0.0
0.0,0.0,0.0,120.43076,0.0,0.0,0.0,0.0,0.0,0.0
53.80225,0.0,32.923626,8.36303,30.39679,0.0,52.048946,0.0,0.0,0.0
0.0,0.0,0.0,112.179985,0.0,0.0,0.0,0.0,0.0,0.0
0.0,0.0,0.0,113.982666,0.0,0.0,0.0,0.0,0.0,0.0
0.0,0.0,0.0,106.32765,0.0,0.0,0.0,0.0,0.0,0.0
0.0,0.0,0.0,113.59209,0.0,0.0,0.0,0.0,0.0,0.0
0.0,0.0,0.0,122.37514,0.0,0.0,0.0,0.0,0.0,0.0
0.0,0.0,0.0,116.04923,0.0,0.0,0.0,0.0,0.0,0.0
31.160315,0.0,19.1083,4.866464,17.46552,0.0,30.015055,0.0,0.0,0.0
0.0,0.0,0.0,136.27779,0.0,0.0,0.0,0.0,0.0,0.0
0.0,0.0,0.0,106.342316,0.0,0.0,0.0,0.0,0.0,0.0
0.0,0.0,0.0,135.7817,0.0,0.0,0.0,0.0,0.0,0.0
0.0,0.0,0.0,138.7127,0.0,0.0,0.0,0.0,0.0,0.0
0.0,0.0,0.0,138.67259,0.0,0.0,0.0,0.0,0.0,0.0
5.3113947,0.0,3.2958186,0.90514547,2.7193274,0.0,4.865622,0.0,0.0,0.0
10.372725,0.0,0.0,102.95325,0.0,0.0,0.0,0.0,0.0,0.0
0.0,0.0,0.0,107.87726,0.0,0.0,0.0,0.0,0.0,0.0
0.0,0.0,0.0,103.99827,0.0,0.0,0.0,0.0,0.0,0.0
0.0,0.0,0.0,108.03763,0.0,0.0,0.0,0.0,0.0,0.0
0.0,0.0,0.0,116.01999,0.0,0.0,0.0,0.0,0.0,0.0
0.0,0.0,0.0,108.54018,0.0,0.0,0.0,0.0,0.0,0.0
20.897644,0.0,12.598575,3.881149,11.615236,0.0,19.260239,0.0,0.0,0.0
16.916681,0.0,0.0,129.59592,0.0,0.0,0.0,0.0,0.0,0.0
17.995235,0.0,0.0,100.64636,0.0,0.0,0.0,0.0,0.0,0.0
3.9024856,0.0,0.0,88.72078,0.0,0.0,0.0,0.0,0.0,0.0
20.065216,0.0,0.0,103.96751,0.0,0.0,0.0,0.0,0.0,0.0
6.6546516,0.0,0.0,141.72835,0.0,0.0,0.0,0.0,0.0,0.0
0.0,0.0,0.0,108.59669,0.0,0.0,0.0,0.0,0.0,0.0
6.6654353,0.0,0.0,141.42116,0.0,0.0,0.0,0.0,0.0,0.0
10.558038,0.0,0.0,148.59453,0.0,0.0,0.0,0.0,0.0,0.0
10.609284,0.0,0.0,152.60497,0.0,0.0,0.0,0.0,0.0,0.0
5.5275574,0.0,3.4271138,0.9516895,2.8410575,0.0,5.050092,0.0,0.0,0.0
17.207567,0.0,0.0,96.61206,0.0,0.0,0.0,0.0,0.0,0.0
7.5888996,0.0,0.0,95.28709,0.0,0.0,0.0,0.0,0.0,0.0
34.670864,0.0,10.584012,90.550476,0.0,0.0,0.0,0.0,0.0,0.0
0.0,0.0,0.0,80.24992,0.0,0.0,0.0,0.0,0.0,0.0
25.81754,0.0,0.0,162.42427,0.0,0.0,0.0,0.0,0.0,5.8146605
6.5075984,0.0,0.0,117.040695,0.0,0.0,0.0,0.0,0.0,0.0
0.0,0.0,0.0,116.75547,0.0,0.0,0.0,0.0,0.0,0.0
10.677754,0.0,0.0,93.6825,0.0,0.0,0.0,0.0,0.0,0.0
22.518162,0.0,0.0,149.6756,0.0,0.0,0.0,0.0,0.0,0.0
12.769626,0.0,0.0,109.32719,0.0,0.0,0.0,0.0,0.0,0.0
22.565105,0.0,0.0,149.74345,0.0,0.0,0.0,0.0,0.0,0.0
38.93654,0.0,0.0,165.07292,0.0,0.0,0.0,0.0,0.0,0.0
33.26621,0.0,0.0,160.46619,0.0,0.0,0.0,0.0,0.0,0.0
4.285314,0.0,2.61291,0.9675073,2.140069,0.0,3.5226529,0.0,0.0,0.0
11.086415,0.0,0.0,102.62301,0.0,0.0,0.0,0.0,0.0,0.0
2.6305177,0.0,0.0,144.10254,0.0,0.0,0.0,0.0,0.0,0.0
0.0,0.0,0.0,105.68783,0.0,0.0,0.0,0.0,0.0,0.0
2.552463,0.0,0.0,143.94225,0.0,0.0,0.0,0.0,0.0,0.0
7.5395207,0.0,0.0,155.3853,0.0,0.0,0.0,0.0,0.0,0.0
5.582994,0.0,0.0,152.85225,0.0,0.0,0.0,0.0,0.0,0.0
2.8317237,0.0,1.7602049,0.5620187,1.3249519,0.0,2.415593,0.0,0.0,0.0
34.559467,0.0,0.0,124.5484,0.0,0.0,0.0,0.0,0.0,4.6044245
20.140709,0.0,0.0,111.34659,0.0,0.0,0.0,0.0,0.0,0.0
7.999465,0.0,0.0,96.70489,0.0,0.0,0.0,0.0,0.0,0.0
37.59074,0.0,0.0,143.88226,0.0,0.0,0.0,0.0,0.0,0.8931166
16.152533,0.0,0.0,136.75494,0.0,0.0,0.0,0.0,0.0,0.0
9.05639,0.0,0.0,115.304596,0.0,0.0,0.0,0.0,0.0,0.0
16.11232,0.0,0.0,136.49852,0.0,0.0,0.0,0.0,0.0,0.0
19.124174,0.0,0.0,140.69125,0.0,0.0,0.0,0.0,0.0,0.0
20.740667,0.0,0.0,144.48628,0.0,0.0,0.0,0.0,0.0,0.0
14.663911,0.0,8.941313,2.587364,8.069216,0.0,13.58125,0.0,0.0,0.0
0.0,0.0,0.0,115.099915,0.0,0.0,0.0,0.0,0.0,0.0
23.734623,0.0,4.191611,91.50961,0.0,0.0,0.0,0.0,0.0,0.0
0.0,0.0,0.0,116.91556,0.0,0.0,0.0,0.0,0.0,0.0
0.0,0.0,0.0,109.90855,0.0,0.0,0.0,0.0,0.0,0.0
0.0,0.0,0.0,116.79468,0.0,0.0,0.0,0.0,0.0,0.0
2.3160882,0.0,0.0,129.48036,0.0,0.0,0.0,0.0,0.0,0.0
0.49932575,0.0,0.0,125.53512,0.0,0.0,0.0,0.0,0.0,0.0
22.877146,0.0,14.051956,3.4904113,12.740296,0.0,22.19107,0.0,0.0,0.0
41.009716,0.0,0.0,158.80843,0.0,0.0,0.0,0.0,0.0,0.0
28.316263,0.0,0.0,112.35842,0.0,0.0,0.0,0.0,0.0,0.0
41.02548,0.0,0.0,158.78894,0.0,0.0,0.0,0.0,0.0,0.0
44.69109,0.0,0.0,166.93079,0.0,0.0,0.0,0.0,0.0,0.0
41.345703,0.0,0.0,162.66371,0.0,0.0,0.0,0.0,0.0,0.0
2.9215925,0.0,1.789915,0.6871896,1.3662332,0.0,2.3179157,0.0,0.0,0.0
0.88128,0.0,0.0,125.52834,0.0,0.0,0.0,0.0,0.0,0.0
0.0,0.0,0.0,101.02037,0.0,0.0,0.0,0.0,0.0,0.0
0.90015674,0.0,0.0,125.79802,0.0,0.0,0.0,0.0,0.0,0.0
6.087408,0.0,0.0,138.80653,0.0,0.0,0.0,0.0,0.0,0.0
4.880692,0.0,0.0,131.85077,0.0,0.0,0.0,0.0,0.0,0.0
5.0614305,0.0,3.128801,0.92945683,2.5713403,0.0,4.518686,0.0,0.0,0.0
9.99474,0.0,0.0,110.23732,0.0,0.0,0.0,0.0,0.0,0.0
33.9415,0.0,9.572123,73.18352,0.0,0.0,0.0,0.0,0.0,15.210134
14.282066,0.0,0.0,111.239075,0.0,0.0,0.0,0.0,0.0,0.0
0.83839,0.0,0.0,112.978584,0.0,0.0,0.0,0.0,0.0,0.0
1.9780163,0.0,0.0,114.1551,0.0,0.0,0.0,0.0,0.0,0.0
0.0,0.0,0.0,101.18969,0.0,0.0,0.0,0.0,0.0,0.0
1.7322865,0.0,0.0,113.47491,0.0,0.0,0.0,0.0,0.0,0.0
4.3575673,0.0,0.0,120.832405,0.0,0.0,0.0,0.0,0.0,0.0
3.9464402,0.0,0.0,117.27426,0.0,0.0,0.0,0.0,0.0,0.0
12.677605,0.0,7.614327,2.6362982,6.954798,0.0,11.106959,0.0,0.0,0.0
9.451558,0.0,0.0,141.04056,0.0,0.0,0.0,0.0,0.0,0.0
2.584244,0.0,0.0,111.49385,0.0,0.0,0.0,0.0,0.0,0.0
9.473243,0.0,0.0,140.9545,0.0,0.0,0.0,0.0,0.0,0.0
12.860016,0.0,0.0,148.64236,0.0,0.0,0.0,0.0,0.0,0.0
10.687966,0.0,0.0,145.84258,0.0,0.0,0.0,0.0,0.0,0.0
6.432418,0.0,3.9699523,1.1273597,3.358216,0.0,5.8740096,0.0,0.0,0.0
9.601223,0.0,0.0,123.07612,0.0,0.0,0.0,0.0,0.0,0.0
6.88849,0.0,0.0,108.19099,0.0,0.0,0.0,0.0,0.0,0.0
9.545746,0.0,0.0,122.8364,0.0,0.0,0.0,0.0,0.0,0.0
14.537286,0.0,0.0,137.54732,0.0,0.0,0.0,0.0,0.0,0.0
13.4141245,0.0,0.0,135.648,0.0,0.0,0.0,0.0,0.0,0.0
9.51493,0.0,5.8007164,1.7343819,5.0991783,0.0,8.70528,0.0,0.0,0.0
5.303744,0.0,0.0,119.04261,0.0,0.0,0.0,0.0,0.0,0.0
1.8194499,0.0,0.0,103.102806,0.0,0.0,0.0,0.0,0.0,0.0
5.2967386,0.0,0.0,118.95496,0.0,0.0,0.0,0.0,0.0,0.0
4.3806453,0.0,0.0,124.624664,0.0,0.0,0.0,0.0,0.0,0.0
4.2513995,0.0,0.0,121.64358,0.0,0.0,0.0,0.0,0.0,0.0
11.054181,0.0,6.79488,1.8434504,5.9936714,0.0,10.353965,0.0,0.0,0.0
20.93514,0.0,0.0,145.20709,0.0,0.0,0.0,0.0,0.0,0.0
10.541969,0.0,0.0,99.62655,0.0,0.0,0.0,0.0,0.0,0.0
20.996496,0.0,0.0,145.2136,0.0,0.0,0.0,0.0,0.0,0.0
20.498383,0.0,0.0,153.44951,0.0,0.0,0.0,0.0,0.0,0.0
21.94965,0.0,0.0,153.21254,0.0,0.0,0.0,0.0,0.0,0.0
2.4253883,0.0,1.4983518,0.516744,1.1088493,0.0,2.0110676,0.0,0.0,0.0
15.527946,0.0,0.0,125.47556,0.0,0.0,0.0,0.0,0.0,0.0
23.284376,0.0,0.0,137.77383,0.0,0.0,0.0,0.0,0.0,10.60324
14.662379,0.0,0.0,105.05769,0.0,0.0,0.0,0.0,0.0,1.5244286
0.0,0.0,0.0,119.7109,0.0,0.0,0.0,0.0,0.0,0.0
5.5879183,0.0,0.0,106.7763,0.0,0.0,0.0,0.0,0.0,0.0
27.872208,0.0,1.3552549,99.72256,0.0,0.0,0.0,0.0,0.0,1.7307574
27.257473,0.0,0.0,121.57586,0.0,0.0,0.0,0.0,0.0,0.48556903
0.0,0.0,0.0,91.01252,0.0,0.0,0.0,0.0,0.0,0.0
26.570032,0.0,0.0,145.24112,0.0,0.0,0.0,0.0,0.0,0.0
14.977584,0.0,0.0,88.5221,0.0,0.0,0.0,0.0,0.0,0.0
11.60961,0.0,0.0,95.674416,0.0,0.0,0.0,0.0,0.0,0.0
7.5098515,0.0,0.0,102.890144,0.0,0.0,0.0,0.0,0.0,0.0
0.0,0.0,0.0,103.51036,0.0,0.0,0.0,0.0,0.0,0.0
0.0,0.0,0.0,101.9768,0.0,0.0,0.0,0.0,0.0,0.0
0.0,0.0,0.0,103.08007,0.0,0.0,0.0,0.0,0.0,0.0
0.0,0.0,0.0,112.12005,0.0,0.0,0.0,0.0,0.0,0.0
0.0,0.0,0.0,105.98565,0.0,0.0,0.0,0.0,0.0,0.0
51.471054,0.0,31.631887,7.5202355,29.07678,0.0,50.657444,0.0,0.0,0.0
31.724537,0.0,5.860111,112.45572,0.0,0.0,0.0,0.0,0.0,0.0
2.875476,0.0,0.0,86.67114,0.0,0.0,0.0,0.0,0.0,0.0
0.0,0.0,0.0,113.09538,0.0,0.0,0.0,0.0,0.0,0.0
18.268787,0.0,0.0,105.2024,0.0,0.0,0.0,0.0,0.0,0.0
24.541706,0.0,2.0283346,91.59264,0.0,0.0,0.0,0.0,0.0,0.0
16.953863,0.0,0.0,110.971176,0.0,0.0,0.0,0.0,0.0,0.46692267
0.3032004,0.0,0.0,113.267876,0.0,0.0,0.0,0.0,0.0,0.0
0.0,0.0,0.0,100.52999,0.0,0.0,0.0,0.0,0.0,0.0
0.42215383,0.0,0.0,113.39745,0.0,0.0,0.0,0.0,0.0,0.0
3.1983078,0.0,0.0,120.37573,0.0,0.0,0.0,0.0,0.0,0.0
1.5786318,0.0,0.0,115.62797,0.0,0.0,0.0,0.0,0.0,0.0
21.080877,0.0,12.976273,3.2294657,11.669945,0.0,20.354084,0.0,0.0,0.0
5.5612216,0.0,0.0,128.3365,0.0,0.0,0.0,0.0,0.0,0.0
0.0,0.0,0.0,106.31378,0.0,0.0,0.0,0.0,0.0,0.0
5.276974,0.0,0.0,127.602844,0.0,0.0,0.0,0.0,0.0,0.0
15.399522,0.0,0.0,146.61858,0.0,0.0,0.0,0.0,0.0,0.0
10.840695,0.0,0.0,135.72917,0.0,0.0,0.0,0.0,0.0,0.0
4.2714653,0.0,2.645324,0.79357874,2.1274517,0.0,3.7810783,0.0,0.0,0.0
0.0,0.0,0.0,125.440674,0.0,0.0,0.0,0.0,0.0,0.0
0.0,0.0,0.0,114.46616,0.0,0.0,0.0,0.0,0.0,0.0
0.0,0.0,0.0,125.52682,0.0,0.0,0.0,0.0,0.0,0.0
0.0,0.0,0.0,138.75903,0.0,0.0,0.0,0.0,0.0,0.0
0.0,0.0,0.0,131.96123,0.0,0.0,0.0,0.0,0.0,0.0
28.010466,0.0,17.216278,4.1699686,15.68351,0.0,27.381489,0.0,0.0,0.0
0.0,0.0,0.0,115.46447,0.0,0.0,0.0,0.0,0.0,0.0
0.0,0.0,0.0,112.85904,0.0,0.0,0.0,0.0,0.0,0.0
0.0,0.0,0.0,115.29816,0.0,0.0,0.0,0.0,0.0,0.0
4.2813196,0.0,0.0,121.46672,0.0,0.0,0.0,0.0,0.0,0.0
0.0,0.0,0.0,117.81424,0.0,0.0,0.0,0.0,0.0,0.0
87.776505,0.0,53.80893,13.216077,49.77242,0.0,85.73247,0.0,0.0,0.0
23.412693,0.0,0.0,153.69035,0.0,0.0,0.0,0.0,0.0,0.0
4.706715,0.0,0.0,124.09261,0.0,0.0,0.0,0.0,0.0,0.0
2.5548232,0.0,0.0,114.256035,0.0,0.0,0.0,0.0,0.0,0.0
4.845573,0.0,0.0,124.31814,0.0,0.0,0.0,0.0,0.0,0.0
8.085711,0.0,0.0,132.98877,0.0,0.0,0.0,0.0,0.0,0.0
7.196102,0.0,0.0,135.88997,0.0,0.0,0.0,0.0,0.0,0.0
22.96118,0.0,14.12333,3.4332085,12.797776,0.0,22.390919,0.0,0.0,0.0
0.0,0.0,0.0,121.05965,0.0,0.0,0.0,0.0,0.0,0.0
7.885787,0.0,0.0,99.37055,0.0,0.0,0.0,0.0,0.0,0.0
17.166283,0.0,0.0,131.8423,0.0,0.0,0.0,0.0,0.0,0.0
12.420841,0.0,0.0,111.62051,0.0,0.0,0.0,0.0,0.0,0.0
17.14675,0.0,0.0,131.85611,0.0,0.0,0.0,0.0,0.0,0.0
18.055172,0.0,0.0,138.5163,0.0,0.0,0.0,0.0,0.0,0.0
17.999338,0.0,0.0,140.39377,0.0,0.0,0.0,0.0,0.0,0.0
14.481792,0.0,8.325151,4.1652946,8.048236,0.0,11.056238,0.0,0.0,0.0
0.0,0.0,0.0,101.988304,0.0,0.0,0.0,0.0,0.0,0.0
0.0,0.0,0.0,101.560555,0.0,0.0,0.0,0.0,0.0,0.0
0.0,0.0,0.0,101.7282,0.0,0.0,0.0,0.0,0.0,0.0
0.0,0.0,0.0,106.05984,0.0,0.0,0.0,0.0,0.0,0.0
0.0,0.0,0.0,113.5833,0.0,0.0,0.0,0.0,0.0,0.0
94.42047,0.0,58.027973,13.694473,53.579414,0.0,93.166176,0.0,0.0,0.0
13.05181,0.0,0.0,154.96732,0.0,0.0,0.0,0.0,0.0,0.0
0.0,0.0,0.0,131.75594,0.0,0.0,0.0,0.0,0.0,0.0
0.0,0.0,0.0,114.7966,0.0,0.0,0.0,0.0,0.0,0.0
0.0,0.0,0.0,131.36719,0.0,0.0,0.0,0.0,0.0,0.0
0.0,0.0,0.0,135.65147,0.0,0.0,0.0,0.0,0.0,0.0
0.0,0.0,0.0,131.40515,0.0,0.0,0.0,0.0,0.0,0.0
24.035084,0.0,14.762587,3.6307085,13.414594,0.0,23.392448,0.0,0.0,0.0
0.0,0.0,0.0,115.04583,0.0,0.0,0.0,0.0,0.0,0.0
13.247219,0.0,0.0,108.59368,0.0,0.0,0.0,0.0,0.0,0.0
17.164421,0.0,0.0,90.00189,0.0,0.0,0.0,0.0,0.0,0.0
24.649538,0.0,0.0,154.27718,0.0,0.0,0.0,0.0,0.0,0.0
15.941429,0.0,8.093543,76.01496,0.0,0.0,0.0,0.0,0.0,0.0
31.936846,0.0,0.0,140.05322,0.0,0.0,0.0,0.0,0.0,14.625653
12.708473,0.0,0.0,87.36336,0.0,0.0,0.0,0.0,0.0,0.0
2.2676752,0.0,0.0,82.25823,0.0,0.0,0.0,0.0,0.0,0.0
0.0,0.0,0.0,128.53654,0.0,0.0,0.0,0.0,0.0,0.0
0.0,0.0,0.0,105.33165,0.0,0.0,0.0,0.0,0.0,0.0
0.0,0.0,0.0,128.25113,0.0,0.0,0.0,0.0,0.0,0.0
0.0,0.0,0.0,136.26816,0.0,0.0,0.0,0.0,0.0,0.0
0.0,0.0,0.0,133.53311,0.0,0.0,0.0,0.0,0.0,0.0
5.316358,0.0,3.3011394,0.8936416,2.7221954,0.0,4.8940372,0.0,0.0,0.0
8.618788,0.0,0.0,102.977005,0.0,0.0,0.0,0.0,0.0,0.0
3.0595436,0.0,0.0,106.730156,0.0,0.0,0.0,0.0,0.0,0.0
2.95181,0.0,0.0,108.83545,0.0,0.0,0.0,0.0,0.0,0.0
6.189114,0.0,0.0,92.76464,0.0,0.0,0.0,0.0,0.0,0.0
0.0,0.0,0.0,141.34492,0.0,0.0,0.0,0.0,0.0,0.0
0.0,0.0,0.0,108.543335,0.0,0.0,0.0,0.0,0.0,0.0
0.0,0.0,0.0,140.75276,0.0,0.0,0.0,0.0,0.0,0.0
0.0,0.0,0.0,149.37871,0.0,0.0,0.0,0.0,0.0,0.0
0.0,0.0,0.0,144.7537,0.0,0.0,0.0,0.0,0.0,0.0
5.7935314,0.0,3.5926359,0.96785134,2.9948857,0.0,5.3567924,0.0,0.0,0.0
1.9554235,0.0,0.0,83.449135,0.0,0.0,0.0,0.0,0.0,0.0
41.408405,0.0,0.18144834,134.61235,0.0,0.0,0.0,0.0,0.0,0.0
38.356186,0.0,0.4953259,124.71225,0.0,0.0,0.0,0.0,0.0,0.0
41.358284,0.0,0.20408848,134.37714,0.0,0.0,0.0,0.0,0.0,0.0
47.221264,0.0,0.69018453,142.88168,0.0,0.0,0.0,0.0,0.0,0.0
44.19568,0.0,0.0,142.55534,0.0,0.0,0.0,0.0,0.0,0.0
35.3972,0.0,19.920792,15.033022,20.557608,0.0,17.996717,0.0,0.0,0.0
15.683723,0.0,0.0,95.41737,0.0,0.0,0.0,0.0,0.0,0.0
5.8200655,0.0,0.0,99.36674,0.0,0.0,0.0,0.0,0.0,0.0
17.021832,0.0,0.0,141.84839,0.0,0.0,0.0,0.0,0.0,0.0
10.944981,0.0,0.0,115.286575,0.0,0.0,0.0,0.0,0.0,0.0
16.923819,0.0,0.0,141.9926,0.0,0.0,0.0,0.0,0.0,0.0
20.921295,0.0,0.0,148.9771,0.0,0.0,0.0,0.0,0.0,0.0
19.222672,0.0,0.0,147.60435,0.0,0.0,0.0,0.0,0.0,0.0
10.993197,0.0,6.280274,3.3275437,6.1312127,0.0,7.934713,0.0,0.0,0.0
4.346551,0.0,0.0,116.1604,0.0,0.0,0.0,0.0,0.0,0.0
2.4941328,0.0,0.0,103.80602,0.0,0.0,0.0,0.0,0.0,0.0
4.419939,0.0,0.0,116.321266,0.0,0.0,0.0,0.0,0.0,0.0
12.624116,0.0,0.0,124.531204,0.0,0.0,0.0,0.0,0.0,0.0
8.601777,0.0,0.0,121.10246,0.0,0.0,0.0,0.0,0.0,0.0
29.2551,0.0,17.974888,4.4755006,16.365536,0.0,28.33665,0.0,0.0,0.0
3.2214878,0.0,0.0,125.31066,0.0,0.0,0.0,0.0,0.0,0.0
0.0,0.0,0.0,98.17826,0.0,0.0,0.0,0.0,0.0,0.0
3.2446427,0.0,0.0,125.01241,0.0,0.0,0.0,0.0,0.0,0.0
8.908516,0.0,0.0,135.62944,0.0,0.0,0.0,0.0,0.0,0.0
7.671912,0.0,0.0,131.25786,0.0,0.0,0.0,0.0,0.0,0.0
5.084338,0.0,3.1564503,0.8863398,2.5820167,0.0,4.609189,0.0,0.0,0.0
0.0,0.0,0.0,131.28175,0.0,0.0,0.0,0.0,0.0,0.0
0.0,0.0,0.0,107.83464,0.0,0.0,0.0,0.0,0.0,0.0
0.0,0.0,0.0,130.92227,0.0,0.0,0.0,0.0,0.0,0.0
0.0,0.0,0.0,142.00623,0.0,0.0,0.0,0.0,0.0,0.0
0.0,0.0,0.0,143.3923,0.0,0.0,0.0,0.0,0.0,0.0
6.093841,0.0,3.7744386,1.0273614,3.1650784,0.0,5.622338,0.0,0.0,0.0
8.087793,0.0,0.0,136.98576,0.0,0.0,0.0,0.0,0.0,0.0
0.0,0.0,0.0,103.698235,0.0,0.0,0.0,0.0,0.0,0.0
8.22839,0.0,0.0,136.99307,0.0,0.0,0.0,0.0,0.0,0.0
10.54958,0.0,0.0,145.1643,0.0,0.0,0.0,0.0,0.0,0.0
10.812496,0.0,0.0,144.93272,0.0,0.0,0.0,0.0,0.0,0.0
3.0787024,0.0,1.8205186,0.8205788,1.480912,0.0,2.3328927,0.0,0.0,0.0
0.0,0.0,0.0,108.351715,0.0,0.0,0.0,0.0,0.0,0.0
12.834814,0.0,0.0,106.03863,0.0,0.0,0.0,0.0,0.0,0.0
10.529763,0.0,0.0,86.17904,0.0,0.0,0.0,0.0,0.0,0.0
28.39631,0.0,0.0,174.97037,0.0,0.0,0.0,0.0,0.0,5.5892634
28.527794,0.0,2.7532597,109.34111,0.0,0.0,0.0,0.0,0.0,0.0
3.9776995,0.0,0.0,81.0491,0.0,0.0,0.0,0.0,0.0,0.0
0.0,0.0,0.0,100.079895,0.0,0.0,0.0,0.0,0.0,0.0
0.0,0.0,0.0,97.07395,0.0,0.0,0.0,0.0,0.0,0.0
0.0,0.0,0.0,100.11129,0.0,0.0,0.0,0.0,0.0,0.0
0.0,0.0,0.0,105.9515,0.0,0.0,0.0,0.0,0.0,0.0
0.0,0.0,0.0,106.847595,0.0,0.0,0.0,0.0,0.0,0.0
21.819654,0.0,13.299989,3.698192,12.137808,0.0,20.557278,0.0,0.0,0.0
21.399591,0.0,0.0,161.8144,0.0,0.0,0.0,0.0,0.0,0.0
0.7985027,0.0,0.0,106.73716,0.0,0.0,0.0,0.0,0.0,0.0
21.402641,0.0,0.0,161.57144,0.0,0.0,0.0,0.0,0.0,0.0
22.958506,0.0,0.0,169.59602,0.0,0.0,0.0,0.0,0.0,0.0
22.102242,0.0,0.0,165.54385,0.0,0.0,0.0,0.0,0.0,0.0
2.402557,0.0,1.4797145,0.5255739,1.0967256,0.0,1.974967,0.0,0.0,0.0
0.0,0.0,0.0,137.19403,0.0,0.0,0.0,0.0,0.0,0.0
0.0,0.0,0.0,107.14313,0.0,0.0,0.0,0.0,0.0,0.0
0.0,0.0,0.0,136.9044,0.0,0.0,0.0,0.0,0.0,0.0
0.0,0.0,0.0,143.83665,0.0,0.0,0.0,0.0,0.0,0.0
0.0,0.0,0.0,141.50108,0.0,0.0,0.0,0.0,0.0,0.0
5.9669237,0.0,3.6976192,1.0001969,3.0935252,0.0,5.514562,0.0,0.0,0.0
12.392067,0.0,0.0,132.42932,0.0,0.0,0.0,0.0,0.0,0.0
6.1411867,0.0,0.0,110.48565,0.0,0.0,0.0,0.0,0.0,0.0
12.270792,0.0,0.0,132.24915,0.0,0.0,0.0,0.0,0.0,0.0
17.528685,0.0,0.0,141.35724,0.0,0.0,0.0,0.0,0.0,0.87881213
14.839257,0.0,0.0,139.06093,0.0,0.0,0.0,0.0,0.0,0.0
6.469606,0.0,3.9887083,1.1438576,3.380399,0.0,5.894783,0.0,0.0,0.0
41.754887,0.0,0.0,157.46284,0.0,0.0,0.0,0.0,0.0,0.0
29.803473,0.0,0.0,113.51425,0.0,0.0,0.0,0.0,0.0,0.0
41.693836,0.0,0.0,156.77892,0.0,0.0,0.0,0.0,0.0,0.0
42.19354,0.0,0.0,163.83385,0.0,0.0,0.0,0.0,0.0,0.0
43.552906,0.0,0.0,164.9096,0.0,0.0,0.0,0.0,0.0,0.0
3.1675148,0.0,1.9431633,0.72459936,1.499485,0.0,2.554029,0.0,0.0,0.0
0.0,0.0,0.0,110.370056,0.0,0.0,0.0,0.0,0.0,0.0
0.0,0.0,0.0,102.92476,0.0,0.0,0.0,0.0,0.0,0.0
0.0,0.0,0.0,111.317085,0.0,0.0,0.0,0.0,0.0,0.0
0.0,0.0,0.0,121.54747,0.0,0.0,0.0,0.0,0.0,0.0
0.0,0.0,0.0,120.21234,0.0,0.0,0.0,0.0,0.0,0.0
15.532262,0.0,9.4944105,2.6735876,8.555824,0.0,14.484899,0.0,0.0,0.0
0.0,0.0,0.0,127.6343,0.0,0.0,0.0,0.0,0.0,0.0
0.0,0.0,0.0,109.95826,0.0,0.0,0.0,0.0,0.0,0.0
0.0,0.0,0.0,127.199875,0.0,0.0,0.0,0.0,0.0,0.0
1.1782281,0.0,0.0,134.31775,0.0,0.0,0.0,0.0,0.0,0.0
0.9496536,0.0,0.0,132.25923,0.0,0.0,0.0,0.0,0.0,0.0
14.9376545,0.0,9.197632,2.2605865,8.221255,0.0,14.483043,0.0,0.0,0.0
0.0,0.0,0.0,148.16629,0.0,0.0,0.0,0.0,0.0,0.0
0.0,0.0,0.0,108.83479,0.0,0.0,0.0,0.0,0.0,0.0
0.0,0.0,0.0,147.91365,0.0,0.0,0.0,0.0,0.0,0.0
0.26532358,0.0,0.0,153.15186,0.0,0.0,0.0,0.0,0.0,0.0
0.0,0.0,0.0,149.39616,0.0,0.0,0.0,0.0,0.0,0.0
4.416628,0.0,2.7481408,0.7743064,2.2083585,0.0,3.9813657,0.0,0.0,0.0
6.8759074,0.0,0.0,115.103775,0.0,0.0,0.0,0.0,0.0,0.0
31.717447,0.0,0.0,116.883766,0.0,0.0,0.0,0.0,0.0,0.0
14.440695,0.0,0.0,102.87409,0.0,0.0,0.0,0.0,0.0,0.0
9.754306,0.0,0.0,130.07587,0.0,0.0,0.0,0.0,0.0,0.0
3.7885394,0.0,0.0,110.80679,0.0,0.0,0.0,0.0,0.0,0.0
9.766551,0.0,0.0,130.59499,0.0,0.0,0.0,0.0,0.0,0.0
12.278837,0.0,0.0,140.38306,0.0,0.0,0.0,0.0,0.0,0.0
11.736869,0.0,0.0,136.51141,0.0,0.0,0.0,0.0,0.0,0.0
9.472335,0.0,5.8425865,1.5503145,5.09116,0.0,8.8966,0.0,0.0,0.0
0.0,0.0,0.0,108.51147,0.0,0.0,0.0,0.0,0.0,0.0
26.31011,0.0,0.0,111.51358,0.0,0.0,0.0,0.0,0.0,0.0
16.08058,0.0,0.0,101.72011,0.0,0.0,0.0,0.0,0.0,0.0
13.109816,0.0,0.0,128.69687,0.0,0.0,0.0,0.0,0.0,0.0
7.085001,0.0,0.0,112.35225,0.0,0.0,0.0,0.0,0.0,0.0
13.245155,0.0,0.0,128.78491,0.0,0.0,0.0,0.0,0.0,0.0
21.847176,0.0,0.0,144.61098,0.0,0.0,0.0,0.0,0.0,0.0
17.253431,0.0,0.0,135.82191,0.0,0.0,0.0,0.0,0.0,0.0
10.234715,0.0,6.1855564,1.9839523,5.544313,0.0,9.218809,0.0,0.0,0.0
14.187397,0.0,0.0,141.00165,0.0,0.0,0.0,0.0,0.0,0.0
5.90731,0.0,0.0,115.332565,0.0,0.0,0.0,0.0,0.0,0.0
14.139159,0.0,0.0,140.73645,0.0,0.0,0.0,0.0,0.0,0.0
16.22621,0.0,0.0,147.11087,0.0,0.0,0.0,0.0,0.0,0.0
18.498316,0.0,0.0,149.06949,0.0,0.0,0.0,0.0,0.0,0.0
10.759375,0.0,6.6289353,1.746636,5.8210955,0.0,10.156716,0.0,0.0,0.0
1.1809855,0.0,0.0,137.27516,0.0,0.0,0.0,0.0,0.0,0.0
0.0,0.0,0.0,102.33333,0.0,0.0,0.0,0.0,0.0,0.0
1.279061,0.0,0.0,137.42746,0.0,0.0,0.0,0.0,0.0,0.0
4.7253113,0.0,0.0,144.49785,0.0,0.0,0.0,0.0,0.0,0.0
5.9780626,0.0,0.0,145.9058,0.0,0.0,0.0,0.0,0.0,0.0
3.6912394,0.0,2.295878,0.6816789,1.800793,0.0,3.2536695,0.0,0.0,0.0
8.808331,0.0,0.0,144.05724,0.0,0.0,0.0,0.0,0.0,0.0
0.65675014,0.0,0.0,111.188995,0.0,0.0,0.0,0.0,0.0,0.0
8.794557,0.0,0.0,143.97812,0.0,0.0,0.0,0.0,0.0,0.0
13.868735,0.0,0.0,150.8772,0.0,0.0,0.0,0.0,0.0,0.0
12.529872,0.0,0.0,146.50023,0.0,0.0,0.0,0.0,0.0,0.0
5.377621,0.0,3.3383503,0.9088647,2.756957,0.0,4.9408655,0.0,0.0,0.0
6.4117947,0.0,0.0,133.55992,0.0,0.0,0.0,0.0,0.0,0.0
0.7610118,0.0,0.0,107.35722,0.0,0.0,0.0,0.0,0.0,0.0
6.4439306,0.0,0.0,133.60266,0.0,0.0,0.0,0.0,0.0,0.0
10.801652,0.0,0.0,141.40454,0.0,0.0,0.0,0.0,0.0,0.0
7.8956156,0.0,0.0,138.20143,0.0,0.0,0.0,0.0,0.0,0.0
6.759124,0.0,4.18508,1.1108432,3.5454006,0.0,6.3053045,0.0,0.0,0.0
4.015025,0.0,0.0,121.82926,0.0,0.0,0.0,0.0,0.0,0.0
1.4006622,0.0,0.0,108.33675,0.0,0.0,0.0,0.0,0.0,0.0
4.097677,0.0,0.0,121.969604,0.0,0.0,0.0,0.0,0.0,0.0
5.289431,0.0,0.0,129.22047,0.0,0.0,0.0,0.0,0.0,0.0
7.047836,0.0,0.0,128.21817,0.0,0.0,0.0,0.0,0.0,0.0
17.655174,0.0,10.859672,2.7339342,9.762581,0.0,16.998829,0.0,0.0,0.0
23.517252,0.0,0.0,116.71132,0.0,0.0,0.0,0.0,0.0,0.0
20.249651,0.0,3.896674,101.3142,0.0,0.0,0.0,0.0,0.0,0.0
13.214672,0.0,0.0,84.932274,0.0,0.0,0.0,0.0,0.0,0.0
2.4250035,0.0,0.0,118.59861,0.0,0.0,0.0,0.0,0.0,0.0
0.46571052,0.0,0.0,108.41511,0.0,0.0,0.0,0.0,0.0,0.0
2.519321,0.0,0.0,118.58561,0.0,0.0,0.0,0.0,0.0,0.0
4.5937977,0.0,0.0,124.639465,0.0,0.0,0.0,0.0,0.0,0.0
3.9996479,0.0,0.0,121.15746,0.0,0.0,0.0,0.0,0.0,0.0
27.254396,0.0,16.74316,4.104177,15.24735,0.0,26.550291,0.0,0.0,0.0
4.2339535,0.0,0.0,153.65884,0.0,0.0,0.0,0.0,0.0,0.0
0.0,0.0,0.0,109.78,0.0,0.0,0.0,0.0,0.0,0.0
4.2393556,0.0,0.0,153.44844,0.0,0.0,0.0,0.0,0.0,0.0
7.0146704,0.0,0.0,158.12843,0.0,0.0,0.0,0.0,0.0,0.0
5.630112,0.0,0.0,156.95222,0.0,0.0,0.0,0.0,0.0,0.0
4.297951,0.0,2.6758165,0.7531416,2.1414926,0.0,3.871738,0.0,0.0,0.0
8.748116,0.0,0.0,136.96806,0.0,0.0,0.0,0.0,0.0,0.0
3.4975543,0.0,0.0,113.47248,0.0,0.0,0.0,0.0,0.0,0.0
8.826088,0.0,0.0,137.40697,0.0,0.0,0.0,0.0,0.0,0.0
11.493855,0.0,0.0,140.20038,0.0,0.0,0.0,0.0,0.0,0.0
10.915157,0.0,0.0,139.29524,0.0,0.0,0.0,0.0,0.0,0.0
12.341101,0.0,7.579088,2.078382,6.7283792,0.0,11.535789,0.0,0.0,0.0
10.660555,0.0,0.0,152.15056,0.0,0.0,0.0,0.0,0.0,0.0
0.24953553,0.0,0.0,109.22478,0.0,0.0,0.0,0.0,0.0,0.0
10.702485,0.0,0.0,152.09537,0.0,0.0,0.0,0.0,0.0,0.0
13.243928,0.0,0.0,156.85243,0.0,0.0,0.0,0.0,0.0,0.0
11.268447,0.0,0.0,155.32619,0.0,0.0,0.0,0.0,0.0,0.0
3.3759117,0.0,2.0969493,0.6482248,1.6238989,0.0,2.9268336,0.0,0.0,0.0
0.0,0.0,0.0,135.89604,0.0,0.0,0.0,0.0,0.0,0.0
0.0,0.0,0.0,106.65437,0.0,0.0,0.0,0.0,0.0,0.0
0.0,0.0,0.0,135.8085,0.0,0.0,0.0,0.0,0.0,0.0
0.0,0.0,0.0,141.58879,0.0,0.0,0.0,0.0,0.0,0.0
0.0,0.0,0.0,140.89746,0.0,0.0,0.0,0.0,0.0,0.0
6.1585703,0.0,3.81396,1.0347136,3.2024121,0.0,5.691262,0.0,0.0,0.0
44.667637,0.0,0.0,170.63106,0.0,0.0,0.0,0.0,0.0,0.52791315
27.314306,0.0,0.0,116.070335,0.0,0.0,0.0,0.0,0.0,1.2071737
44.689465,0.0,0.0,170.61246,0.0,0.0,0.0,0.0,0.0,0.69403076
44.421936,0.0,0.0,177.94083,0.0,0.0,0.0,0.0,0.0,0.6195977
42.75803,0.0,0.0,176.50432,0.0,0.0,0.0,0.0,0.0,0.0
2.4722166,0.0,1.524431,0.5410405,1.1319699,0.0,2.028592,0.0,0.0,0.0
22.548775,0.0,0.0,132.14621,0.0,0.0,0.0,0.0,0.0,0.0
18.539637,0.0,0.0,117.00657,0.0,0.0,0.0,0.0,0.0,0.0
22.617039,0.0,0.0,132.18207,0.0,0.0,0.0,0.0,0.0,0.0
25.179228,0.0,0.0,141.30919,0.0,0.0,0.0,0.0,0.0,0.0
23.635489,0.0,0.0,137.42706,0.0,0.0,0.0,0.0,0.0,0.0
18.757437,0.0,11.332552,3.5124514,10.42098,0.0,17.15085,0.0,0.0,0.0
0.0,0.0,0.0,124.87493,0.0,0.0,0.0,0.0,0.0,0.0
0.0,0.0,0.0,111.71675,0.0,0.0,0.0,0.0,0.0,0.0
0.0,0.0,0.0,125.06131,0.0,0.0,0.0,0.0,0.0,0.0
1.4822441,0.0,0.0,131.29813,0.0,0.0,0.0,0.0,0.0,0.0
0.0,0.0,0.0,126.84911,0.0,0.0,0.0,0.0,0.0,0.0
29.766787,0.0,18.272472,4.5110126,16.681522,0.0,28.958107,0.0,0.0,0.0
0.0,0.0,0.0,128.22684,0.0,0.0,0.0,0.0,0.0,0.0
14.135608,0.0,0.0,98.49247,0.0,0.0,0.0,0.0,0.0,0.0
16.649391,0.0,4.40698,78.56423,0.0,0.0,0.0,0.0,0.0,0.0
17.070852,0.0,0.0,150.51424,0.0,0.0,0.0,0.0,0.0,0.0
4.5077734,0.0,0.0,109.490105,0.0,0.0,0.0,0.0,0.0,0.0
17.076029,0.0,0.0,150.34155,0.0,0.0,0.0,0.0,0.0,0.0
20.454958,0.0,0.0,157.9569,0.0,0.0,0.0,0.0,0.0,0.0
17.946232,0.0,0.0,155.9759,0.0,0.0,0.0,0.0,0.0,0.0
3.0268002,0.0,1.8792994,0.6024046,1.4310055,0.0,2.58146,0.0,0.0,0.0
33.944065,0.0,0.0,175.29707,0.0,0.0,0.0,0.0,0.0,9.455998
13.703976,0.0,0.0,84.15244,0.0,0.0,0.0,0.0,0.0,0.0
2.4287596,0.0,0.0,102.04088,0.0,0.0,0.0,0.0,0.0,0.0
31.44192,0.0,0.0,148.59462,0.0,0.0,0.0,0.0,0.0,0.0
16.995872,0.0,0.0,101.94551,0.0,0.0,0.0,0.0,0.0,0.0
31.325006,0.0,0.0,148.49718,0.0,0.0,0.0,0.0,0.0,0.0
33.480476,0.0,0.0,156.96194,0.0,0.0,0.0,0.0,0.0,0.0
33.09248,0.0,0.0,156.42877,0.0,0.0,0.0,0.0,0.0,0.0
2.1566374,0.0,1.3221606,0.4911968,0.9665474,0.0,1.740067,0.0,0.0,0.0
12.830313,0.0,0.0,146.79443,0.0,0.0,0.0,0.0,0.0,0.0
2.026544,0.0,0.0,109.24649,0.0,0.0,0.0,0.0,0.0,0.0
12.844971,0.0,0.0,146.7548,0.0,0.0,0.0,0.0,0.0,0.0
22.322302,0.0,0.0,157.22528,0.0,0.0,0.0,0.0,0.0,0.0
17.842531,0.0,0.0,153.59683,0.0,0.0,0.0,0.0,0.0,0.0
4.7093544,0.0,2.871459,0.99916804,2.3851256,0.0,3.993258,0.0,0.0,0.0
0.0,0.0,0.0,130.85078,0.0,0.0,0.0,0.0,0.0,0.0
0.0,0.0,0.0,108.799576,0.0,0.0,0.0,0.0,0.0,0.0
0.0,0.0,0.0,130.52837,0.0,0.0,0.0,0.0,0.0,0.0
0.0,0.0,0.0,137.21819,0.0,0.0,0.0,0.0,0.0,0.0
0.0,0.0,0.0,133.68654,0.0,0.0,0.0,0.0,0.0,0.0
11.081776,0.0,6.8013654,1.8545736,6.012714,0.0,10.390934,0.0,0.0,0.0
0.0,0.0,0.0,118.2647,0.0,0.0,0.0,0.0,0.0,0.0
0.0,0.0,0.0,109.81938,0.0,0.0,0.0,0.0,0.0,0.0
0.0,0.0,0.0,118.70777,0.0,0.0,0.0,0.0,0.0,0.0
0.0,0.0,0.0,126.93227,0.0,0.0,0.0,0.0,0.0,0.0
0.0,0.0,0.0,120.51746,0.0,0.0,0.0,0.0,0.0,0.0
31.012877,0.0,19.03138,4.6516595,17.401377,0.0,30.293934,0.0,0.0,0.0
0.0,0.0,0.0,115.5847,0.0,0.0,0.0,0.0,0.0,0.0
14.565315,0.0,0.0,141.8717,0.0,0.0,0.0,0.0,0.0,0.0
13.028195,0.0,0.0,86.20573,0.0,0.0,0.0,0.0,0.0,1.3684796
14.593174,0.0,0.0,114.25831,0.0,0.0,0.0,0.0,0.0,0.0
9.583223,0.0,0.0,154.44128,0.0,0.0,0.0,0.0,0.0,0.0
0.0,0.0,0.0,106.42705,0.0,0.0,0.0,0.0,0.0,0.0
9.509381,0.0,0.0,154.09781,0.0,0.0,0.0,0.0,0.0,0.0
10.849505,0.0,0.0,161.81863,0.0,0.0,0.0,0.0,0.0,0.0
11.601112,0.0,0.0,160.93321,0.0,0.0,0.0,0.0,0.0,0.0
3.2935412,0.0,2.046264,0.63429046,1.5779319,0.0,2.8500354,0.0,0.0,0.0
23.27019,0.0,0.0,97.194496,0.0,0.0,0.0,0.0,0.0,0.0
33.723064,0.0,5.635665,110.871605,0.0,0.0,0.0,0.0,0.0,0.0
16.67432,0.0,0.0,141.2831,0.0,0.0,0.0,0.0,0.0,0.0
9.53838,0.0,0.0,118.839516,0.0,0.0,0.0,0.0,0.0,0.0
16.809067,0.0,0.0,141.37585,0.0,0.0,0.0,0.0,0.0,0.0
20.039312,0.0,0.0,151.4995,0.0,0.0,0.0,0.0,0.0,0.0
16.079233,0.0,0.0,144.22353,0.0,0.0,0.0,0.0,0.0,0.0
11.426873,0.0,7.0461564,1.7715311,6.2129827,0.0,10.9618845,0.0,0.0,0.0
16.7621,0.0,0.0,133.28421,0.0,0.0,0.0,0.0,0.0,0.0
10.0887575,0.0,0.0,91.368065,0.0,0.0,0.0,0.0,0.0,0.0
16.684814,0.0,0.0,133.12738,0.0,0.0,0.0,0.0,0.0,0.0
21.588654,0.0,0.0,142.65901,0.0,0.0,0.0,0.0,0.0,0.0
19.536945,0.0,0.0,141.36537,0.0,0.0,0.0,0.0,0.0,0.0
2.2712235,0.0,1.3864716,0.54007363,1.0177829,0.0,1.811602,0.0,0.0,0.0
5.577126,0.0,0.0,136.24368,0.0,0.0,0.0,0.0,0.0,0.0
0.0,0.0,0.0,107.687325,0.0,0.0,0.0,0.0,0.0,0.0
5.7232966,0.0,0.0,136.34511,0.0,0.0,0.0,0.0,0.0,0.0
10.343899,0.0,0.0,147.47635,0.0,0.0,0.0,0.0,0.0,0.0
8.318064,0.0,0.0,142.98567,0.0,0.0,0.0,0.0,0.0,0.0
6.3053036,0.0,3.879497,1.1289797,3.284045,0.0,5.733124,0.0,0.0,0.0
8.812577,0.0,0.0,125.718445,0.0,0.0,0.0,0.0,0.0,0.0
6.4691396,0.0,0.0,114.920494,0.0,0.0,0.0,0.0,0.0,0.0
8.882492,0.0,0.0,125.954384,0.0,0.0,0.0,0.0,0.0,0.0
14.270854,0.0,0.0,134.3169,0.0,0.0,0.0,0.0,0.0,0.0
13.230638,0.0,0.0,136.64687,0.0,0.0,0.0,0.0,0.0,0.0
31.454924,0.0,19.292717,4.9688945,17.623285,0.0,30.17386,0.0,0.0,0.0
11.627158,0.0,0.0,116.941124,0.0,0.0,0.0,0.0,0.0,0.0
31.015696,0.0,9.216857,91.26244,0.0,0.0,0.0,0.0,0.0,0.0
17.027403,0.0,0.0,119.04423,0.0,0.0,0.0,0.0,0.0,0.0
0.0,0.0,0.0,109.211266,0.0,0.0,0.0,0.0,0.0,0.0
0.0,0.0,0.0,104.58791,0.0,0.0,0.0,0.0,0.0,0.0
0.0,0.0,0.0,109.28293,0.0,0.0,0.0,0.0,0.0,0.0
0.0,0.0,0.0,110.64204,0.0,0.0,0.0,0.0,0.0,0.0
0.0,0.0,0.0,109.56427,0.0,0.0,0.0,0.0,0.0,0.0
39.185703,0.0,24.09557,5.7366323,22.062107,0.0,38.51187,0.0,0.0,0.0
27.300411,0.0,0.0,148.70668,0.0,0.0,0.0,0.0,0.0,0.0
17.923409,0.0,0.0,114.57819,0.0,0.0,0.0,0.0,0.0,0.0
27.453154,0.0,0.0,148.75137,0.0,0.0,0.0,0.0,0.0,0.0
35.02697,0.0,0.0,155.83832,0.0,0.0,0.0,0.0,0.0,0.0
32.405598,0.0,0.0,149.4204,0.0,0.0,0.0,0.0,0.0,0.0
7.1985497,0.0,4.2810984,2.0370228,3.8446562,0.0,5.3492546,0.0,0.0,0.0
14.041647,0.0,0.0,127.67055,0.0,0.0,0.0,0.0,0.0,0.0
9.943985,0.0,0.0,113.3185,0.0,0.0,0.0,0.0,0.0,0.0
14.087975,0.0,0.0,127.68223,0.0,0.0,0.0,0.0,0.0,0.0
24.78911,0.0,0.0,139.70743,0.0,0.0,0.0,0.0,0.0,0.0
20.49342,0.0,0.0,135.38483,0.0,0.0,0.0,0.0,0.0,0.0
29.248432,0.0,17.559563,5.8671026,16.450148,0.0,26.151375,0.0,0.0,0.0
0.0,0.0,0.0,118.76032,0.0,0.0,0.0,0.0,0.0,0.0
0.0,0.0,0.0,111.4099,0.0,0.0,0.0,0.0,0.0,0.0
0.0,0.0,0.0,118.452126,0.0,0.0,0.0,0.0,0.0,0.0
0.0,0.0,0.0,126.26363,0.0,0.0,0.0,0.0,0.0,0.0
0.0,0.0,0.0,125.03988,0.0,0.0,0.0,0.0,0.0,0.0
34.124405,0.0,20.863632,5.422288,19.178417,0.0,32.78568,0.0,0.0,0.0
13.459286,0.0,0.0,125.93867,0.0,0.0,0.0,0.0,0.0,0.0
9.489178,0.0,0.0,109.19589,0.0,0.0,0.0,0.0,0.0,0.0
13.487212,0.0,0.0,125.788246,0.0,0.0,0.0,0.0,0.0,0.0
15.333729,0.0,0.0,132.95645,0.0,0.0,0.0,0.0,0.0,0.0
14.27856,0.0,0.0,133.33456,0.0,0.0,0.0,0.0,0.0,0.0
11.169009,0.0,6.4773803,3.0872185,6.1002493,0.0,8.6909275,0.0,0.0,0.0
0.4417938,0.0,0.0,119.43869,0.0,0.0,0.0,0.0,0.0,0.0
0.0,0.0,0.0,111.104645,0.0,0.0,0.0,0.0,0.0,0.0
0.32723853,0.0,0.0,118.90697,0.0,0.0,0.0,0.0,0.0,0.0
3.849524,0.0,0.0,128.04393,0.0,0.0,0.0,0.0,0.0,0.0
2.5190566,0.0,0.0,122.62367,0.0,0.0,0.0,0.0,0.0,0.0
17.926588,0.0,11.0250225,2.7677667,9.913032,0.0,17.288122,0.0,0.0,0.0
0.0,0.0,0.0,138.22838,0.0,0.0,0.0,0.0,0.0,0.0
0.0,0.0,0.0,109.778305,0.0,0.0,0.0,0.0,0.0,0.0
0.0,0.0,0.0,137.93597,0.0,0.0,0.0,0.0,0.0,0.0
5.869114,0.0,0.0,147.40962,0.0,0.0,0.0,0.0,0.0,0.0
3.271554,0.0,0.0,142.62363,0.0,0.0,0.0,0.0,0.0,0.0
7.885077,0.0,4.8743634,1.2749459,4.187418,0.0,7.420009,0.0,0.0,0.0
2.4902904,0.0,0.0,123.36018,0.0,0.0,0.0,0.0,0.0,0.0
0.03931835,0.0,0.0,109.50836,0.0,0.0,0.0,0.0,0.0,0.0
2.6813276,0.0,0.0,123.882965,0.0,0.0,0.0,0.0,0.0,0.0
4.5261765,0.0,0.0,130.01323,0.0,0.0,0.0,0.0,0.0,0.0
5.0902877,0.0,0.0,130.86766,0.0,0.0,0.0,0.0,0.0,0.0
16.993092,0.0,10.451456,2.6904452,9.379018,0.0,16.225958,0.0,0.0,0.0
10.852329,0.0,0.0,135.02335,0.0,0.0,0.0,0.0,0.0,0.0
6.038876,0.0,0.0,119.15021,0.0,0.0,0.0,0.0,0.0,0.0
11.063676,0.0,0.0,135.5893,0.0,0.0,0.0,0.0,0.0,0.0
11.669711,0.0,0.0,141.8081,0.0,0.0,0.0,0.0,0.0,0.0
9.273943,0.0,0.0,139.23695,0.0,0.0,0.0,0.0,0.0,0.0
30.755575,0.0,18.924547,4.5319366,17.245094,0.0,30.13336,0.0,0.0,0.0
20.63354,0.0,0.0,142.60458,0.0,0.0,0.0,0.0,0.0,0.0
11.142345,0.0,0.0,116.03883,0.0,0.0,0.0,0.0,0.0,0.0
20.89764,0.0,0.0,142.91385,0.0,0.0,0.0,0.0,0.0,0.0
27.96531,0.0,0.0,148.78156,0.0,0.0,0.0,0.0,0.0,0.0
24.253431,0.0,0.0,144.71574,0.0,0.0,0.0,0.0,0.0,0.0
25.027884,0.0,14.902479,6.046463,14.060368,0.0,20.740208,0.0,0.0,0.0
0.0,0.0,0.0,124.02225,0.0,0.0,0.0,0.0,0.0,0.0
0.0,0.0,0.0,104.24282,0.0,0.0,0.0,0.0,0.0,0.0
0.0,0.0,0.0,123.862206,0.0,0.0,0.0,0.0,0.0,0.0
0.0,0.0,0.0,132.24449,0.0,0.0,0.0,0.0,0.0,0.0
0.0,0.0,0.0,128.96907,0.0,0.0,0.0,0.0,0.0,0.0
10.4301405,0.0,6.4318037,1.6430457,5.6407332,0.0,9.946962,0.0,0.0,0.0
0.0,0.0,0.0,140.00253,0.0,0.0,0.0,0.0,0.0,0.0
0.0,0.0,0.0,105.11381,0.0,0.0,0.0,0.0,0.0,0.0
0.0,0.0,0.0,140.64096,0.0,0.0,0.0,0.0,0.0,0.0
0.0,0.0,0.0,148.38727,0.0,0.0,0.0,0.0,0.0,0.0
0.0,0.0,0.0,148.61334,0.0,0.0,0.0,0.0,0.0,0.0
4.5709615,0.0,2.8063192,0.895651,2.3026512,0.0,3.9976325,0.0,0.0,0.0
14.595287,0.0,0.0,148.60254,0.0,0.0,0.0,0.0,0.0,0.0
2.8381095,0.0,0.0,108.10497,0.0,0.0,0.0,0.0,0.0,0.0
14.914953,0.0,0.0,148.93753,0.0,0.0,0.0,0.0,0.0,0.0
22.556305,0.0,0.0,158.3898,0.0,0.0,0.0,0.0,0.0,0.0
18.431599,0.0,0.0,154.47462,0.0,0.0,0.0,0.0,0.0,0.0
3.5464988,0.0,2.193303,0.7110988,1.7166857,0.0,3.0322123,0.0,0.0,0.0
17.81573,0.0,0.0,142.57875,0.0,0.0,0.0,0.0,0.0,0.0
3.881827,0.0,0.0,109.081245,0.0,0.0,0.0,0.0,0.0,0.0
17.701223,0.0,0.0,142.25223,0.0,0.0,0.0,0.0,0.0,0.0
23.540968,0.0,0.0,151.11253,0.0,0.0,0.0,0.0,0.0,0.0
21.164665,0.0,0.0,147.53511,0.0,0.0,0.0,0.0,0.0,0.0
4.0403037,0.0,2.4770443,0.84027016,2.00088,0.0,3.431847,0.0,0.0,0.0
33.492252,0.0,0.0,156.67755,0.0,0.0,0.0,0.0,0.0,0.0
21.027712,0.0,0.0,117.12162,0.0,0.0,0.0,0.0,0.0,0.0
33.43661,0.0,0.0,156.681,0.0,0.0,0.0,0.0,0.0,0.0
35.189777,0.0,0.0,163.24843,0.0,0.0,0.0,0.0,0.0,0.0
33.65613,0.0,0.0,159.48064,0.0,0.0,0.0,0.0,0.0,0.0
4.8344545,0.0,2.9666746,0.957913,2.4541013,0.0,4.206985,0.0,0.0,0.0
4.638559,0.0,0.0,151.80922,0.0,0.0,0.0,0.0,0.0,0.0
0.0,0.0,0.0,110.237755,0.0,0.0,0.0,0.0,0.0,0.0
4.833925,0.0,0.0,152.32365,0.0,0.0,0.0,0.0,0.0,0.0
7.9971952,0.0,0.0,157.36856,0.0,0.0,0.0,0.0,0.0,0.0
6.097597,0.0,0.0,155.91689,0.0,0.0,0.0,0.0,0.0,0.0
4.073654,0.0,2.5350108,0.7279389,2.015353,0.0,3.6411064,0.0,0.0,0.0
8.319018,0.0,0.0,139.41336,0.0,0.0,0.0,0.0,0.0,0.0
2.0770864,0.0,0.0,111.63825,0.0,0.0,0.0,0.0,0.0,0.0
8.481318,0.0,0.0,139.87456,0.0,0.0,0.0,0.0,0.0,0.0
20.138626,0.0,0.0,150.1263,0.0,0.0,0.0,0.0,0.0,0.0
15.915202,0.0,0.0,144.18097,0.0,0.0,0.0,0.0,0.0,0.0
11.124027,0.0,6.7229323,2.2340112,6.0606236,0.0,9.83599,0.0,0.0,0.0
12.87901,0.0,0.0,156.89137,0.0,0.0,0.0,0.0,0.0,0.0
0.0,0.0,0.0,106.61759,0.0,0.0,0.0,0.0,0.0,0.0
12.778502,0.0,0.0,156.41377,0.0,0.0,0.0,0.0,0.0,0.0
14.50719,0.0,0.0,163.03839,0.0,0.0,0.0,0.0,0.0,0.0
15.911244,0.0,0.0,166.13321,0.0,0.0,0.0,0.0,0.0,0.0
2.7722027,0.0,1.7190992,0.56426156,1.2933586,0.0,2.342865,0.0,0.0,0.0
8.205021,0.0,0.0,126.21432,0.0,0.0,0.0,0.0,0.0,0.0
6.9938416,0.0,0.0,120.715546,0.0,0.0,0.0,0.0,0.0,0.0
8.317982,0.0,0.0,126.51224,0.0,0.0,0.0,0.0,0.0,0.0
16.05847,0.0,0.0,131.61726,0.0,0.0,0.0,0.0,0.0,0.0
12.042122,0.0,0.0,131.34306,0.0,0.0,0.0,0.0,0.0,0.0
118.3937,0.0,72.57921,18.213362,67.172844,0.0,114.737885,0.0,0.0,0.0
22.178682,0.0,0.0,143.7328,0.0,0.0,0.0,0.0,0.0,0.0
13.39331,0.0,0.0,111.893265,0.0,0.0,0.0,0.0,0.0,0.0
22.301683,0.0,0.0,144.07158,0.0,0.0,0.0,0.0,0.0,0.0
36.57621,0.0,0.0,154.6385,0.0,0.0,0.0,0.0,0.0,0.0
30.971684,0.0,0.0,151.38069,0.0,0.0,0.0,0.0,0.0,0.0
9.023852,0.0,5.4363866,1.9510792,4.858126,0.0,7.728115,0.0,0.0,0.0
11.873967,0.0,0.0,136.32297,0.0,0.0,0.0,0.0,0.0,0.0
6.667426,0.0,0.0,114.420235,0.0,0.0,0.0,0.0,0.0,0.0
11.965191,0.0,0.0,136.53638,0.0,0.0,0.0,0.0,0.0,0.0
12.779605,0.0,0.0,145.5365,0.0,0.0,0.0,0.0,0.0,0.0
13.677109,0.0,0.0,140.75471,0.0,0.0,0.0,0.0,0.0,0.0
10.839814,0.0,6.6817975,1.7470328,5.871395,0.0,10.250745,0.0,0.0,0.0
37.442738,0.0,0.0,143.83414,0.0,0.0,0.0,0.0,0.0,0.0
25.988764,0.0,0.0,112.00528,0.0,0.0,0.0,0.0,0.0,0.0
37.258892,0.0,0.0,143.33516,0.0,0.0,0.0,0.0,0.0,0.0
41.390266,0.0,0.0,155.4276,0.0,0.0,0.0,0.0,0.0,0.0
37.473137,0.0,0.0,149.38992,0.0,0.0,0.0,0.0,0.0,0.0
3.4298396,0.0,2.100805,0.76570976,1.6510147,0.0,2.8098736,0.0,0.0,0.0
7.1176586,0.0,0.0,129.0127,0.0,0.0,0.0,0.0,0.0,0.0
2.2163124,0.0,0.0,107.040535,0.0,0.0,0.0,0.0,0.0,0.0
7.1144104,0.0,0.0,128.99582,0.0,0.0,0.0,0.0,0.0,0.0
7.3643756,0.0,0.0,134.65564,0.0,0.0,0.0,0.0,0.0,0.0
7.951694,0.0,0.0,133.17117,0.0,0.0,0.0,0.0,0.0,0.0
9.344064,0.0,5.4559093,2.3580136,5.0625033,0.0,7.6281343,0.0,0.0,0.0
0.92389953,0.0,0.0,118.86584,0.0,0.0,0.0,0.0,0.0,0.0
0.0,0.0,0.0,101.511505,0.0,0.0,0.0,0.0,0.0,0.0
0.8749015,0.0,0.0,118.60778,0.0,0.0,0.0,0.0,0.0,0.0
4.697601,0.0,0.0,129.63045,0.0,0.0,0.0,0.0,0.0,0.0
3.2391226,0.0,0.0,123.4334,0.0,0.0,0.0,0.0,0.0,0.0
12.997059,0.0,7.9519215,2.2430847,7.1041737,0.0,12.09152,0.0,0.0,0.0
0.0,0.0,0.0,117.67813,0.0,0.0,0.0,0.0,0.0,0.0
0.0,0.0,0.0,110.78117,0.0,0.0,0.0,0.0,0.0,0.0
0.0,0.0,0.0,117.33772,0.0,0.0,0.0,0.0,0.0,0.0
0.0,0.0,0.0,123.07445,0.0,0.0,0.0,0.0,0.0,0.0
0.0,0.0,0.0,122.2067,0.0,0.0,0.0,0.0,0.0,0.0
57.66949,0.0,35.5618,8.2451105,32.57229,0.0,56.94603,0.0,0.0,0.0
18.851727,0.0,0.0,135.18945,0.0,0.0,0.0,0.0,0.0,0.0
14.36546,0.0,0.0,112.625206,0.0,0.0,0.0,0.0,0.0,0.0
18.93487,0.0,0.0,135.47386,0.0,0.0,0.0,0.0,0.0,0.0
25.015295,0.0,0.0,142.03116,0.0,0.0,0.0,0.0,0.0,0.0
22.613083,0.0,0.0,139.11139,0.0,0.0,0.0,0.0,0.0,0.0
15.01606,0.0,8.801957,3.9887335,8.337529,0.0,11.91591,0.0,0.0,0.0
0.0,0.0,0.0,119.99903,0.0,0.0,0.0,0.0,0.0,0.0
0.0,0.0,0.0,104.259605,0.0,0.0,0.0,0.0,0.0,0.0
0.0,0.0,0.0,120.28363,0.0,0.0,0.0,0.0,0.0,0.0
7.662009,0.0,0.0,131.52982,0.0,0.0,0.0,0.0,0.0,0.0
2.0070295,0.0,0.0,129.88219,0.0,0.0,0.0,0.0,0.0,0.0
16.937607,0.0,10.265007,3.2543452,9.3828945,0.0,15.370581,0.0,0.0,0.0
0.0,0.0,0.0,111.3319,0.0,0.0,0.0,0.0,0.0,0.0
0.0,0.0,0.0,105.36874,0.0,0.0,0.0,0.0,0.0,0.0
0.0,0.0,0.0,111.17762,0.0,0.0,0.0,0.0,0.0,0.0
0.0,0.0,0.0,120.847496,0.0,0.0,0.0,0.0,0.0,0.0
0.0,0.0,0.0,111.64621,0.0,0.0,0.0,0.0,0.0,0.0
24.487164,0.0,15.070107,3.6270604,13.668311,0.0,23.943398,0.0,0.0,0.0
11.797785,0.0,0.0,132.23671,0.0,0.0,0.0,0.0,0.0,0.0
6.1056657,0.0,0.0,102.465775,0.0,0.0,0.0,0.0,0.0,0.0
11.799885,0.0,0.0,131.87708,0.0,0.0,0.0,0.0,0.0,0.0
16.203705,0.0,0.0,142.58885,0.0,0.0,0.0,0.0,0.0,0.0
14.957762,0.0,0.0,137.63736,0.0,0.0,0.0,0.0,0.0,0.0
4.6771116,0.0,2.9004521,0.84686387,2.355352,0.0,4.1834064,0.0,0.0,0.0
